timestamp,csv_output_path,input_volume,projection_mode,projection_mode_status,markers_sorted,perspective_calibration_ready,orthographic_calibration_ready,shot1_available,shot2_available,shot3_available,shot2_angle_deg,shot3_angle_m3_m1_deg,shot3_angle_m3_m2_deg,tre_value_mm,reprojection_error_px,ray_gap_mm,tre_display,reprojection_display,ray_gap_display,point1_selector,point2_selector,reprojection_point1_selector,reprojection_point2_selector,red_2d_selector,green_2d_selector,knife_selector,testpoint_x,testpoint_y,testpoint_z,testpoint_marker_distance_t1_mm,testpoint_marker_distance_t2_mm,testpoint_marker_distance_t3_mm,testpoint_marker_distance_mean_mm,debug_visualization,debug_plane_scale,debug_ray_scale
2026-03-01 17:40:20+08:00,C:\Users\80758\AppData\Local\Temp\Slicer\Biplane\experiment_results.csv,CTChest,Perspective,Current mode: Perspective,1,1,0,1,1,1,54.05,46.5,68.81,0.17,0.26,0,0.17 mm,0.26 px,0.00 mm,testPoint,TargetP3D,blackCenter2,PointGreen,PointRed,PointGreen,testPoint,-13.47917652,90.17786407,-129.8021698,79.13372714,92.57091593,83.16722748,84.95729018,0,6,10
2026-03-01 17:46:38+08:00,C:\Users\80758\AppData\Local\Temp\Slicer\Biplane\experiment_results.csv,CTChest,Perspective,Current mode: Perspective,1,1,0,1,1,1,54.05,46.5,68.81,0.08,0.12,0,0.08 mm,0.12 px,0.00 mm,testPoint,TargetP3D,blackCenter2,PointGreen,PointRed,PointGreen,testPoint,0.671826124,90.84954834,-183.6898041,41.99490166,61.55596174,38.66654821,47.40580387,0,6,10
2026-03-01 17:49:52+08:00,C:\Users\80758\AppData\Local\Temp\Slicer\Biplane\experiment_results.csv,CTChest,Perspective,Current mode: Perspective,1,1,0,1,1,1,54.05,46.5,68.81,0.16,0.42,0,0.16 mm,0.42 px,0.00 mm,testPoint,TargetP3D,blackCenter2,PointGreen,PointRed,PointGreen,testPoint,-4.813984871,58.07266998,-39.54939651,173.6796022,183.093313,178.4617619,178.411559,0,6,10
2026-03-01 17:51:14+08:00,C:\Users\80758\AppData\Local\Temp\Slicer\Biplane\experiment_results.csv,CTChest,Perspective,Current mode: Perspective,1,1,0,1,1,1,54.05,46.5,68.81,0.14,0.09,0,0.14 mm,0.09 px,0.00 mm,testPoint,TargetP3D,blackCenter2,PointGreen,PointRed,PointGreen,testPoint,-96.66072083,69.2531662,-167.1900787,114.2132801,134.3250769,112.7035295,120.4139622,0,6,10
2026-03-01 17:52:57+08:00,C:\Users\80758\AppData\Local\Temp\Slicer\Biplane\experiment_results.csv,CTChest,Perspective,Current mode: Perspective,1,1,0,1,1,1,54.05,46.5,68.81,0.04,0,0,0.04 mm,0.00 px,0.00 mm,testPoint,TargetP3D,blackCenter2,PointGreen,PointRed,PointGreen,testPoint,-89.38265228,54.93241119,-93.91009521,153.413872,169.9954239,155.6435749,159.6842903,0,6,10
2026-03-01 17:54:14+08:00,C:\Users\80758\AppData\Local\Temp\Slicer\Biplane\experiment_results.csv,CTChest,Perspective,Current mode: Perspective,1,1,0,1,1,1,54.05,46.5,68.81,0.23,0.21,0,0.23 mm,0.21 px,0.00 mm,testPoint,TargetP3D,blackCenter2,PointGreen,PointRed,PointGreen,testPoint,-71.77135468,51.21206665,-64.91616821,168.2158542,182.7715876,171.5410515,174.1761644,0,6,10
2026-03-01 17:55:39+08:00,C:\Users\80758\AppData\Local\Temp\Slicer\Biplane\experiment_results.csv,CTChest,Perspective,Current mode: Perspective,1,1,0,1,1,1,54.05,46.5,68.81,0.22,0.32,0,0.22 mm,0.32 px,0.00 mm,testPoint,TargetP3D,blackCenter2,PointGreen,PointRed,PointGreen,testPoint,-133.9291077,33.71728516,-179.3390656,162.0734766,183.156814,158.498899,167.9097299,0,6,10
2026-03-01 17:57:48+08:00,C:\Users\80758\AppData\Local\Temp\Slicer\Biplane\experiment_results.csv,CTChest,Perspective,Current mode: Perspective,1,1,0,1,1,1,54.05,46.5,68.81,0.06,0.19,0,0.06 mm,0.19 px,0.00 mm,testPoint,TargetP3D,blackCenter2,PointGreen,PointRed,PointGreen,testPoint,-113.7162933,65.16262817,-62.91167068,184.9211089,199.0774571,188.6610788,190.8865483,0,6,10
2026-03-01 17:59:21+08:00,C:\Users\80758\AppData\Local\Temp\Slicer\Biplane\experiment_results.csv,CTChest,Perspective,Current mode: Perspective,1,1,0,1,1,1,54.05,46.5,68.81,0.25,0.17,0,0.25 mm,0.17 px,0.00 mm,testPoint,TargetP3D,blackCenter2,PointGreen,PointRed,PointGreen,testPoint,-151.4280548,-18.54644394,-23.89715767,271.5374102,288.7834085,272.782071,277.7009633,0,6,10
2026-03-01 18:05:55+08:00,C:\Users\80758\AppData\Local\Temp\Slicer\Biplane\experiment_results.csv,CTChest,Perspective,Current mode: Perspective,1,1,0,1,1,1,54.05,46.5,68.81,0.3,0.12,0,0.30 mm,0.12 px,0.00 mm,testPoint,TargetP3D,blackCenter2,PointGreen,PointRed,PointGreen,testPoint,-16.28215218,-31.18662453,-328.1481934,207.7979302,225.2542778,195.8864373,209.6462151,0,6,10
2026-03-01 18:19:07+08:00,C:\Users\80758\AppData\Local\Temp\Slicer\Biplane\experiment_results.csv,CTChest,Perspective,Current mode: Perspective,1,1,0,1,1,1,54.05,46.5,68.81,0.04,0.08,0,0.04 mm,0.08 px,0.00 mm,testPoint,TargetP3D,blackCenter2,PointGreen,PointRed,PointGreen,testPoint,-9.576047897,90.10100555,-176.6724091,45.36662582,65.79377266,43.57574175,51.57871341,0,6,10
2026-03-01 18:21:06+08:00,C:\Users\80758\AppData\Local\Temp\Slicer\Biplane\experiment_results.csv,CTChest,Perspective,Current mode: Perspective,1,1,0,1,1,1,54.05,46.5,68.81,0.04,0.01,0,0.04 mm,0.01 px,0.00 mm,testPoint,TargetP3D,blackCenter2,PointGreen,PointRed,PointGreen,testPoint,-14.58677769,91.70599365,-149.5185394,62.27446989,78.51688482,64.93374616,68.57503362,0,6,10
2026-03-01 18:24:10+08:00,C:\Users\80758\AppData\Local\Temp\Slicer\Biplane\experiment_results.csv,CTChest,Perspective,Current mode: Perspective,1,1,0,1,1,1,54.05,46.5,68.81,0.06,0,0,0.06 mm,0.00 px,0.00 mm,testPoint,TargetP3D,blackCenter2,PointGreen,PointRed,PointGreen,testPoint,-4.629125118,90.09537506,-142.0890808,68.41174485,82.53278958,71.55696581,74.16716675,0,6,10
2026-03-01 18:25:46+08:00,C:\Users\80758\AppData\Local\Temp\Slicer\Biplane\experiment_results.csv,CTChest,Perspective,Current mode: Perspective,1,1,0,1,1,1,54.05,46.5,68.81,0.31,0.26,0,0.31 mm,0.26 px,0.00 mm,testPoint,TargetP3D,blackCenter2,PointGreen,PointRed,PointGreen,testPoint,-8.058685303,-60.72277832,-241.2030029,195.7480741,216.4136894,185.8054907,199.3224181,0,6,10
2026-03-01 18:27:31+08:00,C:\Users\80758\AppData\Local\Temp\Slicer\Biplane\experiment_results.csv,CTChest,Perspective,Current mode: Perspective,1,1,0,1,1,1,54.05,46.5,68.81,0.06,0.08,0,0.06 mm,0.08 px,0.00 mm,testPoint,TargetP3D,blackCenter2,PointGreen,PointRed,PointGreen,testPoint,15.07363224,96.04692078,-153.9038086,58.87654637,70.2782036,61.65303444,63.6025948,0,6,10
2026-03-01 18:28:42+08:00,C:\Users\80758\AppData\Local\Temp\Slicer\Biplane\experiment_results.csv,CTChest,Perspective,Current mode: Perspective,1,1,0,1,1,1,54.05,46.5,68.81,0.04,0,0,0.04 mm,0.00 px,0.00 mm,testPoint,TargetP3D,blackCenter2,PointGreen,PointRed,PointGreen,testPoint,-25.72378731,94.36743927,-154.8315582,59.48156284,77.20257076,61.87575215,66.18662858,0,6,10
2026-03-01 18:32:55+08:00,C:\Users\80758\AppData\Local\Temp\Slicer\Biplane\experiment_results.csv,CTChest,Perspective,Current mode: Perspective,1,1,0,1,1,1,54.05,46.5,68.81,0.05,0,0,0.05 mm,0.00 px,0.00 mm,testPoint,TargetP3D,blackCenter2,PointGreen,PointRed,PointGreen,testPoint,-39.6303215,96.78360748,-206.3075867,48.89521727,71.1469685,42.76788449,54.27002342,0,6,10
2026-03-01 18:34:06+08:00,C:\Users\80758\AppData\Local\Temp\Slicer\Biplane\experiment_results.csv,CTChest,Perspective,Current mode: Perspective,1,1,0,1,1,1,54.05,46.5,68.81,0.05,0.01,0,0.05 mm,0.01 px,0.00 mm,testPoint,TargetP3D,blackCenter2,PointGreen,PointRed,PointGreen,testPoint,-8.978751183,97.00621033,-215.0949402,37.63894477,58.53400308,26.57810746,40.91701844,0,6,10
2026-03-01 18:36:22+08:00,C:\Users\80758\AppData\Local\Temp\Slicer\Biplane\experiment_results.csv,CTChest,Perspective,Current mode: Perspective,1,1,0,1,1,1,54.05,46.5,68.81,0.09,0.22,0,0.09 mm,0.22 px,0.00 mm,testPoint,TargetP3D,blackCenter2,PointGreen,PointRed,PointGreen,testPoint,5.749780655,99.86721802,-213.5734253,35.79771843,53.42386238,25.40235445,38.20797842,0,6,10
2026-03-01 18:38:19+08:00,C:\Users\80758\AppData\Local\Temp\Slicer\Biplane\experiment_results.csv,CTChest,Perspective,Current mode: Perspective,1,1,0,1,1,1,54.05,46.5,68.81,0.05,0.01,0,0.05 mm,0.01 px,0.00 mm,testPoint,TargetP3D,blackCenter2,PointGreen,PointRed,PointGreen,testPoint,-91.0487442,85.4729538,-229.4137878,102.0964377,121.2085351,96.29521896,106.5333972,0,6,10
2026-03-01 18:40:35+08:00,C:\Users\80758\AppData\Local\Temp\Slicer\Biplane\experiment_results.csv,CTChest,Perspective,Current mode: Perspective,1,1,0,1,1,1,54.05,46.5,68.81,0.28,0.1,0,0.28 mm,0.10 px,0.00 mm,testPoint,TargetP3D,blackCenter2,PointGreen,PointRed,PointGreen,testPoint,-109.6633301,55.66769791,-159.8877106,133.9206191,154.1648054,132.2579687,140.1144644,0,6,10
2026-03-01 18:42:17+08:00,C:\Users\80758\AppData\Local\Temp\Slicer\Biplane\experiment_results.csv,CTChest,Perspective,Current mode: Perspective,1,1,0,1,1,1,54.05,46.5,68.81,0.09,0.14,0,0.09 mm,0.14 px,0.00 mm,testPoint,TargetP3D,blackCenter2,PointGreen,PointRed,PointGreen,testPoint,-121.1506042,51.69525146,-190.1663361,140.4055239,161.2013869,136.6745,146.0938036,0,6,10
2026-03-01 18:52:44+08:00,C:\Users\80758\AppData\Local\Temp\Slicer\Biplane\experiment_results.csv,CTChest,Perspective,Current mode: Perspective,1,1,0,1,1,1,54.05,46.5,68.81,0.15,0.18,0,0.15 mm,0.18 px,0.00 mm,testPoint,TargetP3D,blackCenter2,PointGreen,PointRed,PointGreen,testPoint,-110.0449066,55.50633621,-159.565567,134.3996627,154.628256,132.7539133,140.593944,0,6,10
2026-03-01 18:53:54+08:00,C:\Users\80758\AppData\Local\Temp\Slicer\Biplane\experiment_results.csv,CTChest,Perspective,Current mode: Perspective,1,1,0,1,1,1,54.05,46.5,68.81,0.2,0.13,0,0.20 mm,0.13 px,0.00 mm,testPoint,TargetP3D,blackCenter2,PointGreen,PointRed,PointGreen,testPoint,-81.34825897,78.67521667,-167.8737335,96.80085264,116.8376816,95.77634728,103.1382938,0,6,10
2026-03-01 18:55:20+08:00,C:\Users\80758\AppData\Local\Temp\Slicer\Biplane\experiment_results.csv,CTChest,Perspective,Current mode: Perspective,1,1,0,1,1,1,54.05,46.5,68.81,0.1,0.01,0,0.10 mm,0.01 px,0.00 mm,testPoint,TargetP3D,blackCenter2,PointGreen,PointRed,PointGreen,testPoint,-113.5481644,78.94130707,-237.3647003,126.4951705,145.0197045,120.8442097,130.7863615,0,6,10
2026-03-01 18:58:22+08:00,C:\Users\80758\AppData\Local\Temp\Slicer\Biplane\experiment_results.csv,CTChest,Perspective,Current mode: Perspective,1,1,0,1,1,1,54.05,46.5,68.81,0.23,0.02,0,0.23 mm,0.02 px,0.00 mm,testPoint,TargetP3D,blackCenter2,PointGreen,PointRed,PointGreen,testPoint,-118.9445724,-5.538834095,-88.43647003,208.1228308,227.6028028,207.5826532,214.4360956,0,6,10
2026-03-01 19:08:18+08:00,C:\Users\80758\AppData\Local\Temp\Slicer\Biplane\experiment_results.csv,CTChest,Perspective,Current mode: Perspective,1,1,0,1,1,1,54.05,46.5,68.81,0.59,0.27,0,0.59 mm,0.27 px,0.00 mm,testPoint,TargetP3D,blackCenter2,PointGreen,PointRed,PointGreen,testPoint,-139.1051178,-5.638422489,-293.6316528,213.6658587,234.0390177,204.6195807,217.4414857,0,6,10
2026-03-01 19:10:06+08:00,C:\Users\80758\AppData\Local\Temp\Slicer\Biplane\experiment_results.csv,CTChest,Perspective,Current mode: Perspective,1,1,0,1,1,1,54.05,46.5,68.81,0.36,0.34,0,0.36 mm,0.34 px,0.00 mm,testPoint,TargetP3D,blackCenter2,PointGreen,PointRed,PointGreen,testPoint,-126.6809082,-99.54334259,-268.8574829,269.5100288,292.1252697,260.2212216,273.9521733,0,6,10
2026-03-01 19:11:44+08:00,C:\Users\80758\AppData\Local\Temp\Slicer\Biplane\experiment_results.csv,CTChest,Perspective,Current mode: Perspective,1,1,0,1,1,1,54.05,46.5,68.81,0.26,0.15,0,0.26 mm,0.15 px,0.00 mm,testPoint,TargetP3D,blackCenter2,PointGreen,PointRed,PointGreen,testPoint,-117.1050949,-94.96734619,-179.4676819,252.1216237,275.294375,245.5013611,257.63912,0,6,10
2026-03-01 19:16:55+08:00,C:\Users\80758\AppData\Local\Temp\Slicer\Biplane\experiment_results.csv,CTChest,Perspective,Current mode: Perspective,1,1,0,1,1,1,54.05,46.5,68.81,0.17,0.02,0,0.17 mm,0.02 px,0.00 mm,testPoint,TargetP3D,blackCenter2,PointGreen,PointRed,PointGreen,testPoint,42.5318222,-101.0684586,-115.7625504,249.7534454,267.1110087,245.1227504,253.9957348,0,6,10
2026-03-01 19:19:27+08:00,C:\Users\80758\AppData\Local\Temp\Slicer\Biplane\experiment_results.csv,CTChest,Perspective,Current mode: Perspective,1,1,0,1,1,1,54.05,46.5,68.81,0.14,0.06,0,0.14 mm,0.06 px,0.00 mm,testPoint,TargetP3D,blackCenter2,PointGreen,PointRed,PointGreen,testPoint,128.4517822,2.963464975,-12.68607807,261.0249008,266.2074152,263.3716435,263.5346532,0,6,10
2026-03-01 19:21:01+08:00,C:\Users\80758\AppData\Local\Temp\Slicer\Biplane\experiment_results.csv,CTChest,Perspective,Current mode: Perspective,1,1,0,1,1,1,54.05,46.5,68.81,0.72,0.14,0,0.72 mm,0.14 px,0.00 mm,testPoint,TargetP3D,blackCenter2,PointGreen,PointRed,PointGreen,testPoint,128.5582428,-36.65926361,-61.67669296,253.1560443,261.7215206,252.6031566,255.8269072,0,6,10
2026-03-01 19:22:02+08:00,C:\Users\80758\AppData\Local\Temp\Slicer\Biplane\experiment_results.csv,CTChest,Perspective,Current mode: Perspective,1,1,0,1,1,1,54.05,46.5,68.81,0.75,0.27,0,0.75 mm,0.27 px,0.00 mm,testPoint,TargetP3D,blackCenter2,PointGreen,PointRed,PointGreen,testPoint,123.1305618,-41.77554321,-52.50023651,258.8046013,267.7858139,258.406589,261.6656681,0,6,10
2026-03-01 19:23:15+08:00,C:\Users\80758\AppData\Local\Temp\Slicer\Biplane\experiment_results.csv,CTChest,Perspective,Current mode: Perspective,1,1,0,1,1,1,54.05,46.5,68.81,0.35,0.22,0,0.35 mm,0.22 px,0.00 mm,testPoint,TargetP3D,blackCenter2,PointGreen,PointRed,PointGreen,testPoint,135.6714325,-34.74258041,-85.3806839,243.9668381,252.4283991,242.6132174,246.3361515,0,6,10
2026-03-01 19:28:38+08:00,C:\Users\80758\AppData\Local\Temp\Slicer\Biplane\experiment_results.csv,CTChest,Perspective,Current mode: Perspective,1,1,0,1,1,1,54.05,46.5,68.81,0.3,0.3,0,0.30 mm,0.30 px,0.00 mm,testPoint,TargetP3D,blackCenter2,PointGreen,PointRed,PointGreen,testPoint,144.8518982,2.066591978,-276.6270142,212.2705351,218.4601262,204.201348,211.6440031,0,6,10
2026-03-01 19:31:02+08:00,C:\Users\80758\AppData\Local\Temp\Slicer\Biplane\experiment_results.csv,CTChest,Perspective,Current mode: Perspective,1,1,0,1,1,1,54.05,46.5,68.81,0.45,0.12,0,0.45 mm,0.12 px,0.00 mm,testPoint,TargetP3D,blackCenter2,PointGreen,PointRed,PointGreen,testPoint,109.505806,-108.5057144,-198.1550598,264.5986843,279.1503978,257.2319292,266.9936704,0,6,10
2026-03-01 19:39:00+08:00,C:\Users\80758\AppData\Local\Temp\Slicer\Biplane\experiment_results.csv,CTChest,Perspective,Current mode: Perspective,1,1,0,1,1,1,54.05,46.5,68.81,0.26,0.42,0,0.26 mm,0.42 px,0.00 mm,testPoint,TargetP3D,blackCenter2,PointGreen,PointRed,PointGreen,testPoint,140.5696259,-51.82110977,-122.9697189,244.5794163,254.2706352,241.2962454,246.7154323,0,6,10
2026-03-01 19:47:48+08:00,C:\Users\80758\AppData\Local\Temp\Slicer\Biplane\experiment_results.csv,CTChest,Perspective,Current mode: Perspective,1,1,0,1,1,1,54.05,46.5,68.81,0.47,0.64,0,0.47 mm,0.64 px,0.00 mm,testPoint,TargetP3D,blackCenter2,PointGreen,PointRed,PointGreen,testPoint,143.8521423,-59.07941437,-232.1734009,243.1135115,253.5166017,235.5727422,244.0676185,0,6,10
2026-03-01 19:49:12+08:00,C:\Users\80758\AppData\Local\Temp\Slicer\Biplane\experiment_results.csv,CTChest,Perspective,Current mode: Perspective,1,1,0,1,1,1,54.05,46.5,68.81,0.2,0.01,0,0.20 mm,0.01 px,0.00 mm,testPoint,TargetP3D,blackCenter2,PointGreen,PointRed,PointGreen,testPoint,-22.38624763,-68.33193207,-259.6266174,208.6165103,229.5179211,198.1940457,212.1094924,0,6,10
2026-03-01 19:50:25+08:00,C:\Users\80758\AppData\Local\Temp\Slicer\Biplane\experiment_results.csv,CTChest,Perspective,Current mode: Perspective,1,1,0,1,1,1,54.05,46.5,68.81,0.18,0.1,0,0.18 mm,0.10 px,0.00 mm,testPoint,TargetP3D,blackCenter2,PointGreen,PointRed,PointGreen,testPoint,-139.4672699,21.30605125,-174.4879303,174.569059,195.9067711,170.8963307,180.4573869,0,6,10
2026-03-01 19:53:39+08:00,C:\Users\80758\AppData\Local\Temp\Slicer\Biplane\experiment_results.csv,CTChest,Perspective,Current mode: Perspective,1,1,0,1,1,1,54.05,46.5,68.81,0.11,0.02,0,0.11 mm,0.02 px,0.00 mm,testPoint,TargetP3D,blackCenter2,PointGreen,PointRed,PointGreen,testPoint,-136.2056427,-64.69667816,-112.3886948,249.8800904,271.5913308,246.6040521,256.0251577,0,6,10
2026-03-01 19:54:49+08:00,C:\Users\80758\AppData\Local\Temp\Slicer\Biplane\experiment_results.csv,CTChest,Perspective,Current mode: Perspective,1,1,0,1,1,1,54.05,46.5,68.81,0.27,0.22,0,0.27 mm,0.22 px,0.00 mm,testPoint,TargetP3D,blackCenter2,PointGreen,PointRed,PointGreen,testPoint,-149.5079956,-40.91783524,-69.80705261,257.8421149,277.6154648,256.8870109,264.1148635,0,6,10
2026-03-01 19:57:20+08:00,C:\Users\80758\AppData\Local\Temp\Slicer\Biplane\experiment_results.csv,CTChest,Perspective,Current mode: Perspective,1,1,0,1,1,1,54.05,46.5,68.81,0.3,0.29,0,0.30 mm,0.29 px,0.00 mm,testPoint,TargetP3D,blackCenter2,PointGreen,PointRed,PointGreen,testPoint,-146.4493103,-52.00753403,-112.6260757,245.7897387,267.268156,242.8860092,251.9813013,0,6,10
2026-03-01 20:14:05+08:00,C:\Users\80758\AppData\Local\Temp\Slicer\Biplane\experiment_results.csv,CTChest,Perspective,Current mode: Perspective,1,1,0,1,1,1,54.05,46.5,68.81,0.38,0.09,0,0.38 mm,0.09 px,0.00 mm,testPoint,TargetP3D,blackCenter2,PointGreen,PointRed,PointGreen,testPoint,-121.3211899,-61.45636368,-133.6653137,233.0831453,255.372767,228.8807484,239.1122202,0,6,10
2026-03-01 20:15:08+08:00,C:\Users\80758\AppData\Local\Temp\Slicer\Biplane\experiment_results.csv,CTChest,Perspective,Current mode: Perspective,1,1,0,1,1,1,54.05,46.5,68.81,0.25,0.05,0,0.25 mm,0.05 px,0.00 mm,testPoint,TargetP3D,blackCenter2,PointGreen,PointRed,PointGreen,testPoint,-81.34994507,-64.28677368,-262.191864,218.6221229,240.9564361,208.7550097,222.7778562,0,6,10
2026-03-01 20:16:45+08:00,C:\Users\80758\AppData\Local\Temp\Slicer\Biplane\experiment_results.csv,CTChest,Perspective,Current mode: Perspective,1,1,0,1,1,1,54.05,46.5,68.81,0.3,0.05,0,0.30 mm,0.05 px,0.00 mm,testPoint,TargetP3D,blackCenter2,PointGreen,PointRed,PointGreen,testPoint,-85.31382751,-117.9485703,-161.9338226,263.1669479,285.8742348,256.6771565,268.5727797,0,6,10
2026-03-01 20:18:33+08:00,C:\Users\80758\AppData\Local\Temp\Slicer\Biplane\experiment_results.csv,CTChest,Perspective,Current mode: Perspective,1,1,0,1,1,1,54.05,46.5,68.81,0.29,0.14,0,0.29 mm,0.14 px,0.00 mm,testPoint,TargetP3D,blackCenter2,PointGreen,PointRed,PointGreen,testPoint,40.18473816,-100.2789688,-118.3517838,247.7462483,265.273843,243.0120524,252.0107145,0,6,10
2026-03-01 20:19:37+08:00,C:\Users\80758\AppData\Local\Temp\Slicer\Biplane\experiment_results.csv,CTChest,Perspective,Current mode: Perspective,1,1,0,1,1,1,54.05,46.5,68.81,0.24,0.1,0,0.24 mm,0.10 px,0.00 mm,testPoint,TargetP3D,blackCenter2,PointGreen,PointRed,PointGreen,testPoint,-40.11224365,-108.69767,-239.4100189,244.9555534,266.8109364,235.4581439,249.0748779,0,6,10
2026-03-01 20:21:25+08:00,C:\Users\80758\AppData\Local\Temp\Slicer\Biplane\experiment_results.csv,CTChest,Perspective,Current mode: Perspective,1,1,0,1,1,1,54.05,46.5,68.81,0.19,0.41,0,0.19 mm,0.41 px,0.00 mm,testPoint,TargetP3D,blackCenter2,PointGreen,PointRed,PointGreen,testPoint,-7.851573944,-57.64895248,-92.89359283,214.9748652,233.3666035,212.2339416,220.1918035,0,6,10
2026-03-01 20:22:18+08:00,C:\Users\80758\AppData\Local\Temp\Slicer\Biplane\experiment_results.csv,CTChest,Perspective,Current mode: Perspective,1,1,0,1,1,1,54.05,46.5,68.81,0.1,0.23,0,0.10 mm,0.23 px,0.00 mm,testPoint,TargetP3D,blackCenter2,PointGreen,PointRed,PointGreen,testPoint,-21.89546394,-75.12559509,-229.4608307,208.3595027,229.8091235,198.9558396,212.374822,0,6,10
2026-03-01 20:23:12+08:00,C:\Users\80758\AppData\Local\Temp\Slicer\Biplane\experiment_results.csv,CTChest,Perspective,Current mode: Perspective,1,1,0,1,1,1,54.05,46.5,68.81,0.43,0.34,0,0.43 mm,0.34 px,0.00 mm,testPoint,TargetP3D,blackCenter2,PointGreen,PointRed,PointGreen,testPoint,-48.08581924,-110.8483582,-286.8681335,260.5396782,281.7291747,249.9190489,264.062634,0,6,10
2026-03-01 20:24:25+08:00,C:\Users\80758\AppData\Local\Temp\Slicer\Biplane\experiment_results.csv,CTChest,Perspective,Current mode: Perspective,1,1,0,1,1,1,54.05,46.5,68.81,0.17,0.19,0,0.17 mm,0.19 px,0.00 mm,testPoint,TargetP3D,blackCenter2,PointGreen,PointRed,PointGreen,testPoint,-41.0856781,63.67842484,-69.37146759,148.864949,161.5499757,153.039877,154.4849339,0,6,10
2026-03-01 20:25:33+08:00,C:\Users\80758\AppData\Local\Temp\Slicer\Biplane\experiment_results.csv,CTChest,Perspective,Current mode: Perspective,1,1,0,1,1,1,54.05,46.5,68.81,0.2,0.14,0,0.20 mm,0.14 px,0.00 mm,testPoint,TargetP3D,blackCenter2,PointGreen,PointRed,PointGreen,testPoint,-58.12583542,35.24305344,-9.436267853,217.3294739,229.4615927,221.4891459,222.7600708,0,6,10
2026-03-01 20:26:45+08:00,C:\Users\80758\AppData\Local\Temp\Slicer\Biplane\experiment_results.csv,CTChest,Perspective,Current mode: Perspective,1,1,0,1,1,1,54.05,46.5,68.81,0.1,0.07,0,0.10 mm,0.07 px,0.00 mm,testPoint,TargetP3D,blackCenter2,PointGreen,PointRed,PointGreen,testPoint,-115.1601944,77.50450134,-238.1129608,128.6973399,147.2663951,122.9974107,132.9870486,0,6,10
2026-03-01 20:28:49+08:00,C:\Users\80758\AppData\Local\Temp\Slicer\Biplane\experiment_results.csv,CTChest,Perspective,Current mode: Perspective,1,1,0,1,1,1,54.05,46.5,68.81,0.13,0.16,0,0.13 mm,0.16 px,0.00 mm,testPoint,TargetP3D,blackCenter2,PointGreen,PointRed,PointGreen,testPoint,102.5640945,63.43504715,-193.6777496,126.5130102,130.2856648,122.9091904,126.5692885,0,6,10
2026-03-01 20:47:52+08:00,C:\Users\80758\AppData\Local\Temp\Slicer\Biplane\experiment_results.csv,CTChest,Perspective,Current mode: Perspective,1,1,0,1,1,1,54.05,46.5,68.81,0.38,0.05,0,0.38 mm,0.05 px,0.00 mm,testPoint,TargetP3D,blackCenter2,PointGreen,PointRed,PointGreen,testPoint,137.6912231,-64.19837952,-230.5547333,243.2339141,254.3060281,235.5753869,244.3717763,0,6,10
2026-03-01 20:48:52+08:00,C:\Users\80758\AppData\Local\Temp\Slicer\Biplane\experiment_results.csv,CTChest,Perspective,Current mode: Perspective,1,1,0,1,1,1,54.05,46.5,68.81,0.09,0.17,0,0.09 mm,0.17 px,0.00 mm,testPoint,TargetP3D,blackCenter2,PointGreen,PointRed,PointGreen,testPoint,119.3510056,30.8387928,-130.366684,172.6480487,178.0398738,171.6465005,174.1114743,0,6,10
2026-03-01 20:50:20+08:00,C:\Users\80758\AppData\Local\Temp\Slicer\Biplane\experiment_results.csv,CTChest,Perspective,Current mode: Perspective,1,1,0,1,1,1,54.05,46.5,68.81,0.31,0.03,0,0.31 mm,0.03 px,0.00 mm,testPoint,TargetP3D,blackCenter2,PointGreen,PointRed,PointGreen,testPoint,99.27444458,75.18809509,-322.6263123,171.7484308,173.7093046,162.9691374,169.4756243,0,6,10
2026-03-01 21:29:02+08:00,C:\Users\80758\AppData\Local\Temp\Slicer\Biplane\experiment_results.csv,CTChest,Perspective,Current mode: Perspective,1,1,0,1,1,1,54.05,46.5,68.81,0.11,0.37,0,0.11 mm,0.37 px,0.00 mm,testPoint,TargetP3D,blackCenter2,PointGreen,PointRed,PointGreen,testPoint,91.89342631,55.71739197,-110.8522248,149.7455852,154.4741385,151.1032532,151.7743257,0,6,10
2026-03-01 21:45:02+08:00,C:\Users\80758\AppData\Local\Temp\Slicer\Biplane\experiment_results.csv,CTChest,Perspective,Current mode: Perspective,1,1,0,1,1,1,54.05,46.5,68.81,0.07,0.03,0,0.07 mm,0.03 px,0.00 mm,testPoint,TargetP3D,blackCenter2,PointGreen,PointRed,PointGreen,testPoint,-113.662468,42.01334,-118.2559052,160.8736759,179.7834875,161.0337369,167.2303001,0,6,10
2026-03-01 21:46:03+08:00,C:\Users\80758\AppData\Local\Temp\Slicer\Biplane\experiment_results.csv,CTChest,Perspective,Current mode: Perspective,1,1,0,1,1,1,54.05,46.5,68.81,0.09,0.02,0,0.09 mm,0.02 px,0.00 mm,testPoint,TargetP3D,blackCenter2,PointGreen,PointRed,PointGreen,testPoint,-123.0454712,-17.01832771,-81.93551636,221.3014682,240.8688441,220.6151402,227.5951508,0,6,10
2026-03-01 21:48:01+08:00,C:\Users\80758\AppData\Local\Temp\Slicer\Biplane\experiment_results.csv,CTChest,Perspective,Current mode: Perspective,1,1,0,1,1,1,54.05,46.5,68.81,0.13,0.19,0,0.13 mm,0.19 px,0.00 mm,testPoint,TargetP3D,blackCenter2,PointGreen,PointRed,PointGreen,testPoint,-152.282135,14.73397255,-213.0169525,187.7873572,209.1720388,182.2571155,193.0721705,0,6,10
2026-03-01 21:56:24+08:00,C:\Users\80758\AppData\Local\Temp\Slicer\Biplane\experiment_results.csv,CTChest,Perspective,Current mode: Perspective,1,1,0,1,1,1,54.05,46.5,68.81,0.1,0.08,0,0.10 mm,0.08 px,0.00 mm,testPoint,TargetP3D,blackCenter2,PointGreen,PointRed,PointGreen,testPoint,57.51590347,52.75640488,-62.28916931,167.8789399,174.4677134,171.4187903,171.2551478,0,6,10
2026-03-01 21:58:09+08:00,C:\Users\80758\AppData\Local\Temp\Slicer\Biplane\experiment_results.csv,CTChest,Perspective,Current mode: Perspective,1,1,0,1,1,1,54.05,46.5,68.81,0.33,0.14,0,0.33 mm,0.14 px,0.00 mm,testPoint,TargetP3D,blackCenter2,PointGreen,PointRed,PointGreen,testPoint,-44.88783264,-107.4251328,-281.2912598,254.9755936,276.2020856,244.4277954,258.5351582,0,6,10
2026-03-01 21:59:40+08:00,C:\Users\80758\AppData\Local\Temp\Slicer\Biplane\experiment_results.csv,CTChest,Perspective,Current mode: Perspective,1,1,0,1,1,1,54.05,46.5,68.81,0.04,0.06,0,0.04 mm,0.06 px,0.00 mm,testPoint,TargetP3D,blackCenter2,PointGreen,PointRed,PointGreen,testPoint,-78.60710144,88.15787506,-226.0596771,89.44445255,109.023168,83.38063965,93.94942006,0,6,10
2026-03-01 22:00:39+08:00,C:\Users\80758\AppData\Local\Temp\Slicer\Biplane\experiment_results.csv,CTChest,Perspective,Current mode: Perspective,1,1,0,1,1,1,54.05,46.5,68.81,0.02,0.11,0,0.02 mm,0.11 px,0.00 mm,testPoint,TargetP3D,blackCenter2,PointGreen,PointRed,PointGreen,testPoint,75.74918365,73.94496155,-200.3431854,98.3007821,103.840788,93.93557981,98.69238329,0,6,10
2026-03-01 22:01:24+08:00,C:\Users\80758\AppData\Local\Temp\Slicer\Biplane\experiment_results.csv,CTChest,Perspective,Current mode: Perspective,1,1,0,1,1,1,54.05,46.5,68.81,0.11,0.07,0,0.11 mm,0.07 px,0.00 mm,testPoint,TargetP3D,blackCenter2,PointGreen,PointRed,PointGreen,testPoint,-146.2735443,30.82729149,-222.8398132,174.5704702,195.3969303,168.8979398,179.6217801,0,6,10
2026-03-01 22:02:25+08:00,C:\Users\80758\AppData\Local\Temp\Slicer\Biplane\experiment_results.csv,CTChest,Perspective,Current mode: Perspective,1,1,0,1,1,1,54.05,46.5,68.81,0.45,0.07,0,0.45 mm,0.07 px,0.00 mm,testPoint,TargetP3D,blackCenter2,PointGreen,PointRed,PointGreen,testPoint,-127.5977554,-93.51446533,-218.9793549,255.9427223,279.1632232,248.0956541,261.0671999,0,6,10
2026-03-01 22:32:55+08:00,C:\Users\80758\AppData\Local\Temp\Slicer\Biplane\experiment_results.csv,CTChest,Perspective,Current mode: Perspective,1,1,0,1,1,1,54.05,46.5,68.81,0.4,0.47,0,0.40 mm,0.47 px,0.00 mm,testPoint,TargetP3D,blackCenter2,PointGreen,PointRed,PointGreen,testPoint,-143.4695892,-55.65899277,-136.9642334,239.5354687,261.7370807,235.5321184,245.6015559,0,6,10
2026-03-01 22:34:09+08:00,C:\Users\80758\AppData\Local\Temp\Slicer\Biplane\experiment_results.csv,CTChest,Perspective,Current mode: Perspective,1,1,0,1,1,1,54.05,46.5,68.81,0.8,1.02,0,0.80 mm,1.02 px,0.00 mm,testPoint,TargetP3D,blackCenter2,PointGreen,PointRed,PointGreen,testPoint,35.5529213,-85.16294861,-67.95275879,254.5077857,270.5458594,252.1444138,259.0660196,0,6,10
2026-03-01 22:35:16+08:00,C:\Users\80758\AppData\Local\Temp\Slicer\Biplane\experiment_results.csv,CTChest,Perspective,Current mode: Perspective,1,1,0,1,1,1,54.05,46.5,68.81,0.15,0.03,0,0.15 mm,0.03 px,0.00 mm,testPoint,TargetP3D,blackCenter2,PointGreen,PointRed,PointGreen,testPoint,-139.05867,45.74472809,-228.236969,161.3996005,181.6300769,155.7456844,166.2584539,0,6,10
2026-03-04T18:36:41+08:00,D:\CodingHHW\Biplane\experiment\experiment_results.csv,CTChest,orthographic,Current mode: Orthographic,1,0,1,1,1,1,56.58,58.4,72.91,0.1,0.2,0.0,0.10 mm,0.20 px,0.00 mm,testPoint,TargetP3D,blackCenter2,PointGreen,PointRed,PointGreen,testPoint,-7.061494827270508,90.06828308105469,-142.30816650390625,73.8160483059497,100.56942855457585,86.96490700540188,87.11679462197581,0,6.0,10.0
2026-03-04T18:38:57+08:00,D:\CodingHHW\Biplane\experiment\experiment_results.csv,CTChest,orthographic,Current mode: Orthographic,1,0,1,1,1,1,56.58,58.4,72.91,0.19,0.15,0.0,0.19 mm,0.15 px,0.00 mm,testPoint,TargetP3D,blackCenter2,PointGreen,PointRed,PointGreen,testPoint,1.3737858533859253,93.1064224243164,-157.57125854492188,61.196978495663664,89.46527245977752,74.09687671629885,74.91970922391334,0,6.0,10.0
2026-03-04T18:39:54+08:00,D:\CodingHHW\Biplane\experiment\experiment_results.csv,CTChest,orthographic,Current mode: Orthographic,1,0,1,1,1,1,56.58,58.4,72.91,0.15,0.01,0.0,0.15 mm,0.01 px,0.00 mm,testPoint,TargetP3D,blackCenter2,PointGreen,PointRed,PointGreen,testPoint,-12.42646312713623,92.3672103881836,-165.86183166503906,56.91054426506352,88.63105812582714,69.44012306823006,71.66057515304024,0,6.0,10.0
2026-03-04T18:41:42+08:00,D:\CodingHHW\Biplane\experiment\experiment_results.csv,CTChest,orthographic,Current mode: Orthographic,1,0,1,1,1,1,56.58,58.4,72.91,0.11,0.19,0.0,0.11 mm,0.19 px,0.00 mm,testPoint,TargetP3D,blackCenter2,PointGreen,PointRed,PointGreen,testPoint,-12.057734489440918,90.8534164428711,-144.20980834960938,72.20073512036167,99.68687860014876,85.2911849488153,85.72626622310857,0,6.0,10.0
2026-03-04T18:42:46+08:00,D:\CodingHHW\Biplane\experiment\experiment_results.csv,CTChest,orthographic,Current mode: Orthographic,1,0,1,1,1,1,56.58,58.4,72.91,0.15,0.02,0.0,0.15 mm,0.02 px,0.00 mm,testPoint,TargetP3D,blackCenter2,PointGreen,PointRed,PointGreen,testPoint,-50.20415115356445,87.7841796875,-188.50958251953125,69.04583789466056,102.64499124905481,77.12609322810007,82.93897412393848,0,6.0,10.0
2026-03-04T18:43:56+08:00,D:\CodingHHW\Biplane\experiment\experiment_results.csv,CTChest,orthographic,Current mode: Orthographic,1,0,1,1,1,1,56.58,58.4,72.91,0.21,0.38,0.0,0.21 mm,0.38 px,0.00 mm,testPoint,TargetP3D,blackCenter2,PointGreen,PointRed,PointGreen,testPoint,-81.78231811523438,70.78111267089844,-131.85728454589844,121.98546358020853,150.16806291731976,132.3705256200631,134.8413507058638,0,6.0,10.0
2026-03-04T18:44:39+08:00,D:\CodingHHW\Biplane\experiment\experiment_results.csv,CTChest,orthographic,Current mode: Orthographic,1,0,1,1,1,1,56.58,58.4,72.91,0.04,0.1,0.0,0.04 mm,0.10 px,0.00 mm,testPoint,TargetP3D,blackCenter2,PointGreen,PointRed,PointGreen,testPoint,-97.02330780029297,68.71204376220703,-166.8636474609375,119.90858940811187,150.0364378870468,127.7421994654598,132.56240892020614,0,6.0,10.0
2026-03-04T18:45:49+08:00,D:\CodingHHW\Biplane\experiment\experiment_results.csv,CTChest,orthographic,Current mode: Orthographic,1,0,1,1,1,1,56.58,58.4,72.91,0.12,0.27,0.0,0.12 mm,0.27 px,0.00 mm,testPoint,TargetP3D,blackCenter2,PointGreen,PointRed,PointGreen,testPoint,-101.08782196044922,84.16840362548828,-235.46875,117.12778715339294,144.41582687458956,118.20498809159119,126.58286737319122,0,6.0,10.0
2026-03-04T18:47:43+08:00,D:\CodingHHW\Biplane\experiment\experiment_results.csv,CTChest,orthographic,Current mode: Orthographic,1,0,1,1,1,1,56.58,58.4,72.91,0.05,0.08,0.0,0.05 mm,0.08 px,0.00 mm,testPoint,TargetP3D,blackCenter2,PointGreen,PointRed,PointGreen,testPoint,60.63798522949219,82.90614318847656,-160.21987915039062,94.0189873696759,111.53818309943333,103.40320617882138,102.98679221597688,0,6.0,10.0
2026-03-04T18:48:47+08:00,D:\CodingHHW\Biplane\experiment\experiment_results.csv,CTChest,orthographic,Current mode: Orthographic,1,0,1,1,1,1,56.58,58.4,72.91,0.24,0.22,0.0,0.24 mm,0.22 px,0.00 mm,testPoint,TargetP3D,blackCenter2,PointGreen,PointRed,PointGreen,testPoint,35.40824890136719,-85.06104278564453,-72.1880874633789,259.9357190536826,288.33781834666365,271.9371101597847,273.4035491867103,0,6.0,10.0
2026-03-04T18:49:53+08:00,D:\CodingHHW\Biplane\experiment\experiment_results.csv,CTChest,orthographic,Current mode: Orthographic,1,0,1,1,1,1,56.58,58.4,72.91,0.25,0.6,0.0,0.25 mm,0.60 px,0.00 mm,testPoint,TargetP3D,blackCenter2,PointGreen,PointRed,PointGreen,testPoint,-101.54076385498047,42.05093002319336,-87.64505767822266,175.53881993550723,202.23937604414914,186.66034639440423,188.14618079135354,0,6.0,10.0
2026-03-04T18:50:47+08:00,D:\CodingHHW\Biplane\experiment\experiment_results.csv,CTChest,orthographic,Current mode: Orthographic,1,0,1,1,1,1,56.58,58.4,72.91,0.26,0.18,0.0,0.26 mm,0.18 px,0.00 mm,testPoint,TargetP3D,blackCenter2,PointGreen,PointRed,PointGreen,testPoint,-84.65021514892578,35.18292236328125,-54.92610168457031,193.5703471642677,218.30719223278496,205.65496688592066,205.84416876099112,0,6.0,10.0
2026-03-04T18:53:53+08:00,D:\CodingHHW\Biplane\experiment\experiment_results.csv,CTChest,orthographic,Current mode: Orthographic,1,0,1,1,1,1,56.58,58.4,72.91,0.39,0.72,0.0,0.39 mm,0.72 px,0.00 mm,testPoint,TargetP3D,blackCenter2,PointGreen,PointRed,PointGreen,testPoint,-138.49497985839844,-23.3903751373291,-22.262582778930664,273.751250992091,300.5432260752165,285.28119695631824,286.5252246745419,0,6.0,10.0
2026-03-04T18:54:47+08:00,D:\CodingHHW\Biplane\experiment\experiment_results.csv,CTChest,orthographic,Current mode: Orthographic,1,0,1,1,1,1,56.58,58.4,72.91,0.28,0.44,0.0,0.28 mm,0.44 px,0.00 mm,testPoint,TargetP3D,blackCenter2,PointGreen,PointRed,PointGreen,testPoint,-135.59552001953125,-54.10858917236328,-77.91207885742188,262.11130478344404,293.3617484230777,272.8936836934084,276.12224563331006,0,6.0,10.0
2026-03-04T18:55:40+08:00,D:\CodingHHW\Biplane\experiment\experiment_results.csv,CTChest,orthographic,Current mode: Orthographic,1,0,1,1,1,1,56.58,58.4,72.91,0.28,0.0,0.0,0.28 mm,0.00 px,0.00 mm,testPoint,TargetP3D,blackCenter2,PointGreen,PointRed,PointGreen,testPoint,-141.85403442382812,-55.994476318359375,-100.27510070800781,257.41885723000416,289.61718344075683,267.5704900093049,271.5355102266886,0,6.0,10.0
2026-03-04T18:57:42+08:00,D:\CodingHHW\Biplane\experiment\experiment_results.csv,CTChest,orthographic,Current mode: Orthographic,1,0,1,1,1,1,56.58,58.4,72.91,0.48,0.79,0.0,0.48 mm,0.79 px,0.00 mm,testPoint,TargetP3D,blackCenter2,PointGreen,PointRed,PointGreen,testPoint,62.422245025634766,-119.39041137695312,-209.54075622558594,267.4070467744917,297.81647384728427,274.874559388344,280.03269333670664,0,6.0,10.0
2026-03-04T18:58:57+08:00,D:\CodingHHW\Biplane\experiment\experiment_results.csv,CTChest,orthographic,Current mode: Orthographic,1,0,1,1,1,1,56.58,58.4,72.91,0.35,0.78,0.0,0.35 mm,0.78 px,0.00 mm,testPoint,TargetP3D,blackCenter2,PointGreen,PointRed,PointGreen,testPoint,-79.24349975585938,-113.24880981445312,-133.0635528564453,270.8495959268182,305.6093612896485,280.91928705339956,285.7927480899554,0,6.0,10.0
2026-03-04T19:00:45+08:00,D:\CodingHHW\Biplane\experiment\experiment_results.csv,CTChest,orthographic,Current mode: Orthographic,1,0,1,1,1,1,56.58,58.4,72.91,0.32,0.09,0.0,0.32 mm,0.09 px,0.00 mm,testPoint,TargetP3D,blackCenter2,PointGreen,PointRed,PointGreen,testPoint,76.77276611328125,-90.3936538696289,-105.30866241455078,260.44699730122636,287.75813916698,271.30436065333345,273.1698323738466,0,6.0,10.0
2026-03-04T19:01:31+08:00,D:\CodingHHW\Biplane\experiment\experiment_results.csv,CTChest,orthographic,Current mode: Orthographic,1,0,1,1,1,1,56.58,58.4,72.91,0.57,1.0,0.0,0.57 mm,1.00 px,0.00 mm,testPoint,TargetP3D,blackCenter2,PointGreen,PointRed,PointGreen,testPoint,33.99626541137695,-98.7897720336914,-118.43093872070312,253.68138204549348,284.35089305432064,264.5495055707628,267.5272602235256,0,6.0,10.0
2026-03-04T19:03:27+08:00,D:\CodingHHW\Biplane\experiment\experiment_results.csv,CTChest,orthographic,Current mode: Orthographic,1,0,1,1,1,1,56.58,58.4,72.91,0.28,0.61,0.0,0.28 mm,0.61 px,0.00 mm,testPoint,TargetP3D,blackCenter2,PointGreen,PointRed,PointGreen,testPoint,133.2263946533203,-41.73310852050781,-95.92539978027344,249.17712641146764,269.2596882134536,259.3880885157771,259.2749677135661,0,6.0,10.0
2026-03-04T19:04:26+08:00,D:\CodingHHW\Biplane\experiment\experiment_results.csv,CTChest,orthographic,Current mode: Orthographic,1,0,1,1,1,1,56.58,58.4,72.91,0.13,0.14,0.0,0.13 mm,0.14 px,0.00 mm,testPoint,TargetP3D,blackCenter2,PointGreen,PointRed,PointGreen,testPoint,52.874969482421875,85.637451171875,-161.8833770751953,86.3808742013793,105.13565616092743,96.10290678104954,95.8731457144521,0,6.0,10.0
2026-03-04T19:05:07+08:00,D:\CodingHHW\Biplane\experiment\experiment_results.csv,CTChest,orthographic,Current mode: Orthographic,1,0,1,1,1,1,56.58,58.4,72.91,0.18,0.26,0.0,0.18 mm,0.26 px,0.00 mm,testPoint,TargetP3D,blackCenter2,PointGreen,PointRed,PointGreen,testPoint,111.87052154541016,54.965328216552734,-189.88352966308594,144.13266644900037,158.36751594653657,149.8358969450397,150.77869311352558,0,6.0,10.0
2026-03-04T19:06:00+08:00,D:\CodingHHW\Biplane\experiment\experiment_results.csv,CTChest,orthographic,Current mode: Orthographic,1,0,1,1,1,1,56.58,58.4,72.91,0.18,0.43,0.0,0.18 mm,0.43 px,0.00 mm,testPoint,TargetP3D,blackCenter2,PointGreen,PointRed,PointGreen,testPoint,126.18265533447266,45.718814849853516,-221.0418701171875,162.67776924815652,176.20865912549525,166.23637300315264,168.37426712560148,0,6.0,10.0
2026-03-04T19:10:21+08:00,D:\CodingHHW\Biplane\experiment\experiment_results.csv,CTChest,orthographic,Current mode: Orthographic,1,0,1,1,1,1,56.58,58.4,72.91,0.11,0.06,0.0,0.11 mm,0.06 px,0.00 mm,testPoint,TargetP3D,blackCenter2,PointGreen,PointRed,PointGreen,testPoint,115.576416015625,60.667945861816406,-230.03781127929688,147.4201952684732,159.82366693198156,149.91865833154068,152.3875068439985,0,6.0,10.0
2026-03-04T19:11:57+08:00,D:\CodingHHW\Biplane\experiment\experiment_results.csv,CTChest,orthographic,Current mode: Orthographic,1,0,1,1,1,1,56.58,58.4,72.91,0.11,0.8,0.0,0.11 mm,0.80 px,0.00 mm,testPoint,TargetP3D,blackCenter2,PointGreen,PointRed,PointGreen,testPoint,94.50098419189453,59.243370056152344,-123.00808715820312,147.64475136071883,162.02969019790862,157.51343688878828,155.72929281580525,0,6.0,10.0
2026-03-04T19:15:09+08:00,D:\CodingHHW\Biplane\experiment\experiment_results.csv,CTChest,orthographic,Current mode: Orthographic,1,0,1,1,1,1,56.58,58.4,72.91,0.47,0.57,0.0,0.47 mm,0.57 px,0.00 mm,testPoint,TargetP3D,blackCenter2,PointGreen,PointRed,PointGreen,testPoint,121.16575622558594,-49.40504455566406,-69.72382354736328,260.2734808039021,281.0026547907567,271.3071854058299,270.8611070001629,0,6.0,10.0
2026-03-04T19:20:47+08:00,D:\CodingHHW\Biplane\experiment\experiment_results.csv,CTChest,orthographic,Current mode: Orthographic,1,0,1,1,1,1,56.58,58.4,72.91,0.05,0.52,0.0,0.05 mm,0.52 px,0.00 mm,testPoint,TargetP3D,blackCenter2,PointGreen,PointRed,PointGreen,testPoint,126.14556884765625,44.42753982543945,-219.09133911132812,163.12233704006024,176.87177767245728,166.85601460513365,168.95004310588374,0,6.0,10.0
2026-03-04T19:22:45+08:00,D:\CodingHHW\Biplane\experiment\experiment_results.csv,CTChest,orthographic,Current mode: Orthographic,1,0,1,1,1,1,56.58,58.4,72.91,0.24,0.02,0.0,0.24 mm,0.02 px,0.00 mm,testPoint,TargetP3D,blackCenter2,PointGreen,PointRed,PointGreen,testPoint,69.1854476928711,76.23036193847656,-201.5008544921875,97.26419812803532,115.28912519734763,102.72976589223174,105.09436307253823,0,6.0,10.0
2026-03-04T19:30:10+08:00,D:\CodingHHW\Biplane\experiment\experiment_results.csv,CTChest,orthographic,Current mode: Orthographic,1,0,1,1,1,1,56.58,58.4,72.91,0.14,0.29,0.0,0.14 mm,0.29 px,0.00 mm,testPoint,TargetP3D,blackCenter2,PointGreen,PointRed,PointGreen,testPoint,112.5315170288086,50.49714279174805,-146.9892120361328,155.52524621206527,169.73106395004987,163.81736205649366,163.02455740620294,0,6.0,10.0
2026-03-04T19:30:58+08:00,D:\CodingHHW\Biplane\experiment\experiment_results.csv,CTChest,orthographic,Current mode: Orthographic,1,0,1,1,1,1,56.58,58.4,72.91,0.09,0.1,0.0,0.09 mm,0.10 px,0.00 mm,testPoint,TargetP3D,blackCenter2,PointGreen,PointRed,PointGreen,testPoint,73.45773315429688,62.52025604248047,-89.8165512084961,153.58201335878755,168.28495618299203,165.05475212369052,162.30724055515668,0,6.0,10.0
2026-03-04T19:31:34+08:00,D:\CodingHHW\Biplane\experiment\experiment_results.csv,CTChest,orthographic,Current mode: Orthographic,1,0,1,1,1,1,56.58,58.4,72.91,0.12,0.52,0.0,0.12 mm,0.52 px,0.00 mm,testPoint,TargetP3D,blackCenter2,PointGreen,PointRed,PointGreen,testPoint,70.0478744506836,66.4504623413086,-103.49919128417969,140.4295218353017,155.74331333404962,151.74383090139605,149.3055553569158,0,6.0,10.0
2026-03-04T19:32:15+08:00,D:\CodingHHW\Biplane\experiment\experiment_results.csv,CTChest,orthographic,Current mode: Orthographic,1,0,1,1,1,1,56.58,58.4,72.91,0.11,0.01,0.0,0.11 mm,0.01 px,0.00 mm,testPoint,TargetP3D,blackCenter2,PointGreen,PointRed,PointGreen,testPoint,-108.4963150024414,64.79244995117188,-199.0316619873047,127.51203224602514,157.78573532913978,132.61574760585492,139.30450506033995,0,6.0,10.0
2026-03-04T19:33:17+08:00,D:\CodingHHW\Biplane\experiment\experiment_results.csv,CTChest,orthographic,Current mode: Orthographic,1,0,1,1,1,1,56.58,58.4,72.91,0.12,0.22,0.0,0.12 mm,0.22 px,0.00 mm,testPoint,TargetP3D,blackCenter2,PointGreen,PointRed,PointGreen,testPoint,81.1597671508789,72.88307189941406,-204.3577880859375,108.81918878790503,125.00129019547016,113.70234007273794,115.84093968537104,0,6.0,10.0
2026-03-04T19:34:19+08:00,D:\CodingHHW\Biplane\experiment\experiment_results.csv,CTChest,orthographic,Current mode: Orthographic,1,0,1,1,1,1,56.58,58.4,72.91,0.28,0.25,0.0,0.28 mm,0.25 px,0.00 mm,testPoint,TargetP3D,blackCenter2,PointGreen,PointRed,PointGreen,testPoint,123.77025604248047,40.54871368408203,-184.02239990234375,162.6406097080026,177.38438071745594,168.7656267586829,169.5968723947138,0,6.0,10.0
2026-03-04T19:44:45+08:00,D:\CodingHHW\Biplane\experiment\experiment_results.csv,CTChest,orthographic,Current mode: Orthographic,1,0,1,1,1,1,56.58,58.4,72.91,0.11,0.3,0.0,0.11 mm,0.30 px,0.00 mm,testPoint,TargetP3D,blackCenter2,PointGreen,PointRed,PointGreen,testPoint,2.9825425148010254,93.90240478515625,-199.68104553222656,45.95457575415708,79.07754065610668,54.412973636838636,59.81503001570079,0,6.0,10.0
2026-03-04T19:45:43+08:00,D:\CodingHHW\Biplane\experiment\experiment_results.csv,CTChest,orthographic,Current mode: Orthographic,1,0,1,1,1,1,56.58,58.4,72.91,0.04,0.08,0.0,0.04 mm,0.08 px,0.00 mm,testPoint,TargetP3D,blackCenter2,PointGreen,PointRed,PointGreen,testPoint,-13.457122802734375,93.99771118164062,-202.25259399414062,46.17909038622141,81.47933205470129,54.092276002863265,60.58356614792865,0,6.0,10.0
2026-03-04T19:46:32+08:00,D:\CodingHHW\Biplane\experiment\experiment_results.csv,CTChest,orthographic,Current mode: Orthographic,1,0,1,1,1,1,56.58,58.4,72.91,0.09,0.08,0.0,0.09 mm,0.08 px,0.00 mm,testPoint,TargetP3D,blackCenter2,PointGreen,PointRed,PointGreen,testPoint,-2.1657118797302246,90.70761108398438,-181.3467254638672,51.086083506436445,84.23561144190704,62.40587737160776,65.90919077331709,0,6.0,10.0
2026-03-04T19:47:24+08:00,D:\CodingHHW\Biplane\experiment\experiment_results.csv,CTChest,orthographic,Current mode: Orthographic,1,0,1,1,1,1,56.58,58.4,72.91,0.13,0.11,0.0,0.13 mm,0.11 px,0.00 mm,testPoint,TargetP3D,blackCenter2,PointGreen,PointRed,PointGreen,testPoint,17.56665802001953,95.89093780517578,-153.395263671875,65.66794098184306,89.54604473843922,78.1069703990925,77.7736520397916,0,6.0,10.0
2026-03-04T19:48:23+08:00,D:\CodingHHW\Biplane\experiment\experiment_results.csv,CTChest,orthographic,Current mode: Orthographic,1,0,1,1,1,1,56.58,58.4,72.91,0.07,0.15,0.0,0.07 mm,0.15 px,0.00 mm,testPoint,TargetP3D,blackCenter2,PointGreen,PointRed,PointGreen,testPoint,-28.17644691467285,94.39314270019531,-157.0663604736328,64.58519183638442,94.94311619316619,76.8541647800277,78.79415760319277,0,6.0,10.0
2026-03-04T19:49:14+08:00,D:\CodingHHW\Biplane\experiment\experiment_results.csv,CTChest,orthographic,Current mode: Orthographic,1,0,1,1,1,1,56.58,58.4,72.91,0.12,0.14,0.0,0.12 mm,0.14 px,0.00 mm,testPoint,TargetP3D,blackCenter2,PointGreen,PointRed,PointGreen,testPoint,18.284910202026367,82.55392456054688,-107.35323333740234,108.86011186086456,128.33862749089752,121.7297536559583,119.64283100257346,0,6.0,10.0
2026-03-04T19:50:43+08:00,D:\CodingHHW\Biplane\experiment\experiment_results.csv,CTChest,orthographic,Current mode: Orthographic,1,0,1,1,1,1,56.58,58.4,72.91,0.19,0.17,0.0,0.19 mm,0.17 px,0.00 mm,testPoint,TargetP3D,blackCenter2,PointGreen,PointRed,PointGreen,testPoint,98.56775665283203,-81.32704162597656,-139.2893524169922,250.3644436463472,276.63278623938305,259.99595118870485,262.33106035814507,0,6.0,10.0
2026-03-04T19:51:47+08:00,D:\CodingHHW\Biplane\experiment\experiment_results.csv,CTChest,orthographic,Current mode: Orthographic,1,0,1,1,1,1,56.58,58.4,72.91,0.18,0.09,0.0,0.18 mm,0.09 px,0.00 mm,testPoint,TargetP3D,blackCenter2,PointGreen,PointRed,PointGreen,testPoint,-111.85889434814453,44.08562088012695,-117.94320678710938,163.67458817972204,192.23261707606267,173.63557003091617,176.51425842890026,0,6.0,10.0
2026-03-04T19:52:53+08:00,D:\CodingHHW\Biplane\experiment\experiment_results.csv,CTChest,orthographic,Current mode: Orthographic,1,0,1,1,1,1,56.58,58.4,72.91,0.56,0.12,0.0,0.56 mm,0.12 px,0.00 mm,testPoint,TargetP3D,blackCenter2,PointGreen,PointRed,PointGreen,testPoint,-120.69430541992188,-37.14876174926758,-75.69813537597656,243.50941643708236,274.17834777291984,254.63891839748493,257.44222753582903,0,6.0,10.0
2026-03-04T19:53:45+08:00,D:\CodingHHW\Biplane\experiment\experiment_results.csv,CTChest,orthographic,Current mode: Orthographic,1,0,1,1,1,1,56.58,58.4,72.91,0.53,0.41,0.0,0.53 mm,0.41 px,0.00 mm,testPoint,TargetP3D,blackCenter2,PointGreen,PointRed,PointGreen,testPoint,-137.50758361816406,-42.616024017333984,-144.24107360839844,231.17398060326562,264.6216391572816,240.07211577459384,245.28924517838036,0,6.0,10.0
2026-03-04T19:54:46+08:00,D:\CodingHHW\Biplane\experiment\experiment_results.csv,CTChest,orthographic,Current mode: Orthographic,1,0,1,1,1,1,56.58,58.4,72.91,0.12,0.05,0.0,0.12 mm,0.05 px,0.00 mm,testPoint,TargetP3D,blackCenter2,PointGreen,PointRed,PointGreen,testPoint,-146.587158203125,30.199148178100586,-221.74327087402344,180.36137744734313,210.60071548624674,184.21160811037402,191.72456701465464,0,6.0,10.0
2026-03-04T19:55:24+08:00,D:\CodingHHW\Biplane\experiment\experiment_results.csv,CTChest,orthographic,Current mode: Orthographic,1,0,1,1,1,1,56.58,58.4,72.91,0.14,0.16,0.0,0.14 mm,0.16 px,0.00 mm,testPoint,TargetP3D,blackCenter2,PointGreen,PointRed,PointGreen,testPoint,-118.56514739990234,54.96195983886719,-193.23997497558594,141.49145004988372,171.9094183124332,147.0578955332384,153.48625463185178,0,6.0,10.0
2026-03-04T19:56:17+08:00,D:\CodingHHW\Biplane\experiment\experiment_results.csv,CTChest,orthographic,Current mode: Orthographic,1,0,1,1,1,1,56.58,58.4,72.91,0.12,0.02,0.0,0.12 mm,0.02 px,0.00 mm,testPoint,TargetP3D,blackCenter2,PointGreen,PointRed,PointGreen,testPoint,-84.01665496826172,69.86103057861328,-135.11985778808594,122.22274963142205,150.72858533363848,132.38633470134874,135.11255655546975,0,6.0,10.0
2026-03-04T19:57:52+08:00,D:\CodingHHW\Biplane\experiment\experiment_results.csv,CTChest,orthographic,Current mode: Orthographic,1,0,1,1,1,1,56.58,58.4,72.91,0.22,0.98,0.0,0.22 mm,0.98 px,0.00 mm,testPoint,TargetP3D,blackCenter2,PointGreen,PointRed,PointGreen,testPoint,129.05352783203125,21.09354591369629,-162.40602111816406,181.93461438443617,198.29577617181297,189.45834591210937,189.89624548945287,0,6.0,10.0
2026-03-04T19:58:45+08:00,D:\CodingHHW\Biplane\experiment\experiment_results.csv,CTChest,orthographic,Current mode: Orthographic,1,0,1,1,1,1,56.58,58.4,72.91,0.11,0.05,0.0,0.11 mm,0.05 px,0.00 mm,testPoint,TargetP3D,blackCenter2,PointGreen,PointRed,PointGreen,testPoint,-44.70053482055664,-104.91224670410156,-120.9667739868164,258.80855790394276,292.71241347814924,269.5527130809596,273.69122815435054,0,6.0,10.0
2026-03-04T19:59:38+08:00,D:\CodingHHW\Biplane\experiment\experiment_results.csv,CTChest,orthographic,Current mode: Orthographic,1,0,1,1,1,1,56.58,58.4,72.91,0.15,0.22,0.0,0.15 mm,0.22 px,0.00 mm,testPoint,TargetP3D,blackCenter2,PointGreen,PointRed,PointGreen,testPoint,122.29187774658203,64.71559143066406,-273.2769775390625,165.7316033196047,175.5680982942876,165.03902933582398,168.77957698323874,0,6.0,10.0
2026-03-04T20:00:20+08:00,D:\CodingHHW\Biplane\experiment\experiment_results.csv,CTChest,orthographic,Current mode: Orthographic,1,0,1,1,1,1,56.58,58.4,72.91,0.43,0.59,0.0,0.43 mm,0.59 px,0.00 mm,testPoint,TargetP3D,blackCenter2,PointGreen,PointRed,PointGreen,testPoint,-70.29308319091797,-123.301025390625,-218.92652893066406,271.29899542520667,306.6932378449643,278.4208443796282,285.4710258832664,0,6.0,10.0
2026-03-04T20:02:40+08:00,D:\CodingHHW\Biplane\experiment\experiment_results.csv,CTChest,orthographic,Current mode: Orthographic,1,0,1,1,1,1,56.58,58.4,72.91,0.34,0.55,0.0,0.34 mm,0.55 px,0.00 mm,testPoint,TargetP3D,blackCenter2,PointGreen,PointRed,PointGreen,testPoint,-7.810462951660156,-61.42814254760742,-230.5807647705078,203.29066854141234,237.02652268743213,209.78352316471103,216.7002381311852,0,6.0,10.0
2026-03-04T20:04:42+08:00,D:\CodingHHW\Biplane\experiment\experiment_results.csv,CTChest,orthographic,Current mode: Orthographic,1,0,1,1,1,1,56.58,58.4,72.91,0.08,0.29,0.0,0.08 mm,0.29 px,0.00 mm,testPoint,TargetP3D,blackCenter2,PointGreen,PointRed,PointGreen,testPoint,122.51346588134766,-28.066152572631836,-134.38441467285156,219.45316038824873,240.55476131630755,228.75158714544045,229.58650294999893,0,6.0,10.0
2026-03-04T20:05:39+08:00,D:\CodingHHW\Biplane\experiment\experiment_results.csv,CTChest,orthographic,Current mode: Orthographic,1,0,1,1,1,1,56.58,58.4,72.91,0.26,0.28,0.0,0.26 mm,0.28 px,0.00 mm,testPoint,TargetP3D,blackCenter2,PointGreen,PointRed,PointGreen,testPoint,98.29781341552734,54.267982482910156,-116.16385650634766,156.3755623862581,170.7694008144966,166.3968949634937,164.51395272141613,0,6.0,10.0
2026-03-04T20:06:20+08:00,D:\CodingHHW\Biplane\experiment\experiment_results.csv,CTChest,orthographic,Current mode: Orthographic,1,0,1,1,1,1,56.58,58.4,72.91,0.11,0.25,0.0,0.11 mm,0.25 px,0.00 mm,testPoint,TargetP3D,blackCenter2,PointGreen,PointRed,PointGreen,testPoint,74.7566909790039,75.3235092163086,-135.2427520751953,119.50746719224063,134.50289389360046,129.5373759796675,127.84924568850288,0,6.0,10.0
2026-03-04T20:07:13+08:00,D:\CodingHHW\Biplane\experiment\experiment_results.csv,CTChest,orthographic,Current mode: Orthographic,1,0,1,1,1,1,56.58,58.4,72.91,0.13,0.17,0.0,0.13 mm,0.17 px,0.00 mm,testPoint,TargetP3D,blackCenter2,PointGreen,PointRed,PointGreen,testPoint,-100.83322143554688,64.10274505615234,-64.36083984375,180.38112047677618,202.81591114494313,191.5772817858168,191.59143780251202,0,6.0,10.0
2026-03-04T20:07:58+08:00,D:\CodingHHW\Biplane\experiment\experiment_results.csv,CTChest,orthographic,Current mode: Orthographic,1,0,1,1,1,1,56.58,58.4,72.91,0.06,0.07,0.0,0.06 mm,0.07 px,0.00 mm,testPoint,TargetP3D,blackCenter2,PointGreen,PointRed,PointGreen,testPoint,-91.93235778808594,73.16207885742188,-203.56243896484375,109.3740752966274,140.19908361102947,114.2870361191396,121.28673167559883,0,6.0,10.0
2026-03-04T20:11:39+08:00,D:\CodingHHW\Biplane\experiment\experiment_results.csv,CTChest,orthographic,Current mode: Orthographic,1,0,1,1,1,1,56.58,58.4,72.91,0.24,0.14,0.0,0.24 mm,0.14 px,0.00 mm,testPoint,TargetP3D,blackCenter2,PointGreen,PointRed,PointGreen,testPoint,-58.95881271362305,73.10083770751953,-105.70719909667969,125.27322869725063,150.6843930790572,137.28272739306237,137.74678305645674,0,6.0,10.0
2026-03-04T20:13:06+08:00,D:\CodingHHW\Biplane\experiment\experiment_results.csv,CTChest,orthographic,Current mode: Orthographic,1,0,1,1,1,1,56.58,58.4,72.91,0.33,0.21,0.0,0.33 mm,0.21 px,0.00 mm,testPoint,TargetP3D,blackCenter2,PointGreen,PointRed,PointGreen,testPoint,134.05136108398438,-43.05326461791992,-114.44773864746094,243.68022544130648,264.2915280001803,253.38788111211278,253.78654485119986,0,6.0,10.0
2026-03-04T20:14:21+08:00,D:\CodingHHW\Biplane\experiment\experiment_results.csv,CTChest,orthographic,Current mode: Orthographic,1,0,1,1,1,1,56.58,58.4,72.91,0.25,0.52,0.0,0.25 mm,0.52 px,0.00 mm,testPoint,TargetP3D,blackCenter2,PointGreen,PointRed,PointGreen,testPoint,72.24202728271484,42.75122833251953,-54.047969818115234,189.19657261000899,204.72744480189036,201.28921680126004,198.40441140438645,0,6.0,10.0
2026-03-04T20:16:00+08:00,D:\CodingHHW\Biplane\experiment\experiment_results.csv,CTChest,orthographic,Current mode: Orthographic,1,0,1,1,1,1,56.58,58.4,72.91,0.15,0.03,0.0,0.15 mm,0.03 px,0.00 mm,testPoint,TargetP3D,blackCenter2,PointGreen,PointRed,PointGreen,testPoint,-20.977867126464844,-76.96122741699219,-146.7711944580078,222.52078681604746,256.4602796132824,232.81816820939068,237.2664115462402,0,6.0,10.0
2026-03-04T20:16:51+08:00,D:\CodingHHW\Biplane\experiment\experiment_results.csv,CTChest,orthographic,Current mode: Orthographic,1,0,1,1,1,1,56.58,58.4,72.91,0.32,0.19,0.0,0.32 mm,0.19 px,0.00 mm,testPoint,TargetP3D,blackCenter2,PointGreen,PointRed,PointGreen,testPoint,2.9610161781311035,-66.89035034179688,-144.07859802246094,212.95072818241687,245.72936882914416,223.45564534377496,227.378580785112,0,6.0,10.0
2026-03-04T20:18:00+08:00,D:\CodingHHW\Biplane\experiment\experiment_results.csv,CTChest,orthographic,Current mode: Orthographic,1,0,1,1,1,1,56.58,58.4,72.91,0.1,0.09,0.0,0.10 mm,0.09 px,0.00 mm,testPoint,TargetP3D,blackCenter2,PointGreen,PointRed,PointGreen,testPoint,-62.599647521972656,79.35186004638672,-178.45314025878906,85.21419315715076,117.8442810828818,93.74590447367987,98.93479290457083,0,6.0,10.0
2026-03-04T20:18:57+08:00,D:\CodingHHW\Biplane\experiment\experiment_results.csv,CTChest,orthographic,Current mode: Orthographic,1,0,1,1,1,1,56.58,58.4,72.91,0.1,0.23,0.0,0.10 mm,0.23 px,0.00 mm,testPoint,TargetP3D,blackCenter2,PointGreen,PointRed,PointGreen,testPoint,53.67699432373047,82.16627502441406,-137.04307556152344,101.5932382218221,118.93405185102488,112.56993406785766,111.03240804690155,0,6.0,10.0
2026-03-04T20:21:14+08:00,D:\CodingHHW\Biplane\experiment\experiment_results.csv,CTChest,orthographic,Current mode: Orthographic,1,0,1,1,1,1,56.58,58.4,72.91,0.09,0.08,0.0,0.09 mm,0.08 px,0.00 mm,testPoint,TargetP3D,blackCenter2,PointGreen,PointRed,PointGreen,testPoint,9.11591911315918,75.64800262451172,-89.96134185791016,125.59452920737559,145.18914483210222,138.62490014810038,136.46952472919273,0,6.0,10.0
2026-03-04T20:22:04+08:00,D:\CodingHHW\Biplane\experiment\experiment_results.csv,CTChest,orthographic,Current mode: Orthographic,1,0,1,1,1,1,56.58,58.4,72.91,0.15,0.08,0.0,0.15 mm,0.08 px,0.00 mm,testPoint,TargetP3D,blackCenter2,PointGreen,PointRed,PointGreen,testPoint,22.352994918823242,51.92530822753906,-9.00501537322998,209.40023231605218,224.740355745903,222.19150255705537,218.7773635396702,0,6.0,10.0
2026-03-04T20:22:55+08:00,D:\CodingHHW\Biplane\experiment\experiment_results.csv,CTChest,orthographic,Current mode: Orthographic,1,0,1,1,1,1,56.58,58.4,72.91,0.26,0.24,0.0,0.26 mm,0.24 px,0.00 mm,testPoint,TargetP3D,blackCenter2,PointGreen,PointRed,PointGreen,testPoint,107.16423034667969,40.09831237792969,-105.89454650878906,175.3334953715854,190.2969374154318,185.5216895142219,183.71737410041302,0,6.0,10.0
2026-03-04T20:23:42+08:00,D:\CodingHHW\Biplane\experiment\experiment_results.csv,CTChest,orthographic,Current mode: Orthographic,1,0,1,1,1,1,56.58,58.4,72.91,0.19,0.24,0.0,0.19 mm,0.24 px,0.00 mm,testPoint,TargetP3D,blackCenter2,PointGreen,PointRed,PointGreen,testPoint,104.90174102783203,-74.48712158203125,-142.33554077148438,246.41304862891477,271.94703899640797,255.85492038153015,258.0716693356176,0,6.0,10.0
2026-03-04T20:24:36+08:00,D:\CodingHHW\Biplane\experiment\experiment_results.csv,CTChest,orthographic,Current mode: Orthographic,1,0,1,1,1,1,56.58,58.4,72.91,0.1,0.12,0.0,0.10 mm,0.12 px,0.00 mm,testPoint,TargetP3D,blackCenter2,PointGreen,PointRed,PointGreen,testPoint,2.7962279319763184,-64.65426635742188,-206.09226989746094,204.1033232749049,237.7091892677221,211.90939344815112,217.90730199692607,0,6.0,10.0
2026-03-04T20:25:20+08:00,D:\CodingHHW\Biplane\experiment\experiment_results.csv,CTChest,orthographic,Current mode: Orthographic,1,0,1,1,1,1,56.58,58.4,72.91,0.38,0.32,0.0,0.38 mm,0.32 px,0.00 mm,testPoint,TargetP3D,blackCenter2,PointGreen,PointRed,PointGreen,testPoint,-83.97383117675781,-92.41104125976562,-283.4557800292969,259.3455607544134,293.0880620424774,263.3013672625463,271.91166335314574,0,6.0,10.0
2026-03-04T20:26:01+08:00,D:\CodingHHW\Biplane\experiment\experiment_results.csv,CTChest,orthographic,Current mode: Orthographic,1,0,1,1,1,1,56.58,58.4,72.91,0.07,0.14,0.0,0.07 mm,0.14 px,0.00 mm,testPoint,TargetP3D,blackCenter2,PointGreen,PointRed,PointGreen,testPoint,-54.21769714355469,52.97095489501953,-247.7416534423828,111.28975433147816,143.37858442138415,113.48908704110796,122.71914193132342,0,6.0,10.0
2026-03-04T20:27:29+08:00,D:\CodingHHW\Biplane\experiment\experiment_results.csv,CTChest,orthographic,Current mode: Orthographic,1,0,1,1,1,1,56.58,58.4,72.91,0.11,0.06,0.0,0.11 mm,0.06 px,0.00 mm,testPoint,TargetP3D,blackCenter2,PointGreen,PointRed,PointGreen,testPoint,36.55254364013672,61.912296295166016,-64.68244171142578,159.06110031938113,175.86241867283854,171.73579956984167,168.8864395206871,0,6.0,10.0
2026-03-04T20:28:11+08:00,D:\CodingHHW\Biplane\experiment\experiment_results.csv,CTChest,orthographic,Current mode: Orthographic,1,0,1,1,1,1,56.58,58.4,72.91,0.02,0.04,0.0,0.02 mm,0.04 px,0.00 mm,testPoint,TargetP3D,blackCenter2,PointGreen,PointRed,PointGreen,testPoint,28.613731384277344,91.40824127197266,-175.7458038330078,62.206383992418594,87.2546561568094,72.53050459582104,73.99718158168301,0,6.0,10.0
2026-03-04T20:28:55+08:00,D:\CodingHHW\Biplane\experiment\experiment_results.csv,CTChest,orthographic,Current mode: Orthographic,1,0,1,1,1,1,56.58,58.4,72.91,0.06,0.26,0.0,0.06 mm,0.26 px,0.00 mm,testPoint,TargetP3D,blackCenter2,PointGreen,PointRed,PointGreen,testPoint,-97.65155029296875,-104.13520812988281,-140.11668395996094,266.57138034946394,301.48905648615835,276.26590454311537,281.44211379291255,0,6.0,10.0
